{
  "pH": {
    "mean": 7.171075,
    "std": 0.717663,
    "min": 6.327898,
    "max": 9.48409,
    "p5": 6.538139,
    "p95": 8.720481
  },
  "fat": {
    "mean": 3.805204,
    "std": 0.655677,
    "min": 1.514819,
    "max": 5.366701,
    "p5": 2.53349,
    "p95": 4.706684
  },
  "SNF": {
    "mean": 8.509498,
    "std": 1.191043,
    "min": 5.005498,
    "max": 11.406654,
    "p5": 6.182376,
    "p95": 10.169708
  },
  "protein": {
    "mean": 3.045816,
    "std": 0.484997,
    "min": 1.400184,
    "max": 4.090071,
    "p5": 2.055309,
    "p95": 3.618175
  },
  "lactose": {
    "mean": 4.467978,
    "std": 0.540125,
    "min": 2.343087,
    "max": 5.542531,
    "p5": 3.30098,
    "p95": 5.051021
  },
  "density": {
    "mean": 1.030406,
    "std": 0.003971,
    "min": 1.018766,
    "max": 1.041491,
    "p5": 1.022648,
    "p95": 1.035312
  },
  "conductivity": {
    "mean": 5.517891,
    "std": 1.973209,
    "min": 1.962284,
    "max": 11.329225,
    "p5": 2.903215,
    "p95": 9.06363
  },
  "refractiveIndex": {
    "mean": 1.341492,
    "std": 0.002268,
    "min": 1.336002,
    "max": 1.345485,
    "p5": 1.337564,
    "p95": 1.34436
  },
  "turbidity": {
    "mean": 20.418756,
    "std": 10.897095,
    "min": 1.0,
    "max": 61.367236,
    "p5": 6.244477,
    "p95": 40.460253
  },
  "temperature": {
    "mean": 4.522508,
    "std": 0.521022,
    "min": 2.655817,
    "max": 7.063496,
    "p5": 3.65585,
    "p95": 5.381618
  },
  "color_L": {
    "mean": 89.88176,
    "std": 2.631598,
    "min": 77.655871,
    "max": 98.568236,
    "p5": 85.359727,
    "p95": 93.89375
  },
  "color_a": {
    "mean": -2.443952,
    "std": 0.578098,
    "min": -5.061637,
    "max": -0.510073,
    "p5": -3.474408,
    "p95": -1.549154
  },
  "color_b": {
    "mean": 6.984917,
    "std": 1.117141,
    "min": 1.645531,
    "max": 10.091844,
    "p5": 5.056539,
    "p95": 8.716314
  },
  "tvc_log": {
    "mean": 4.384709,
    "std": 0.540275,
    "min": 3.0,
    "max": 6.420437,
    "p5": 3.544505,
    "p95": 5.349212
  }
}